Username,Password,Role,LinkedClients,PhoneNumber
admin,admin123,admin,,9111111111
agent1,agent1000,agent,"client1,client2,client3,client4,client5,client6,client7,client8,client9,client10,client11,client12,client13,client14,client15,client16,client17,client18,client19,client20,client21,client22,client23,client24,client25,client26,client27,client28,client29,client30,client31,client32,client33,client34,client35,client36,client37,client38,client39,client40,client41,client42,client43,client44,client45,client46,client47,client48,client49,client50,client51,client52,client53,client54,client55,client56,client57,client58,client59,client60,client61,client62,client63,client64,client65,client66,client67,client68,client69,client70,client71,client72,client73,client74,client75,client76,client77,client78,client79,client80,client81,client82,client83,client84,client85,client86,client87,client88,client89,client90,client91,client92,client93,client94,client95,client96,client97,client98,client99,client100,client101,client102,client103,client104,client105,client106,client107,client108,client109,client110,client111,client112,client113,client114,client115,client116,client117,client118,client119",
agent2,agent1001,agent,"client120,client121,client122,client123,client124,client125,client126,client127,client128,client129,client130,client131,client132,client133,client134,client135,client136,client137,client138,client139,client140,client141,client142,client143,client144,client145,client146,client147,client148,client149,client150,client151,client152,client153,client154,client155,client156,client157,client158,client159,client160,client161,client162,client163,client164,client165,client166,client167,client168,client169,client170,client171,client172,client173,client174,client175,client176,client177,client178,client179,client180,client181,client182,client183,client184,client185,client186",
agent3,agent1002,agent,"client187,client188,client189,client190,client191,client192,client193,client194,client195,client196,client197,client198,client199,client200,client201,client202,client203,client204,client205,client206,client207,client208,client209,client210,client211,client212,client213,client214,client215,client216,client217,client218,client219,client220,client221,client222,client223,client224,client225,client226,client227,client228,client229,client230,client231,client232,client233,client234,client235,client236,client237,client238,client239,client240,client241,client242,client243,client244,client245,client246,client247,client248,client249,client250,client251,client252,client253,client254,client255,client256,client257,client258,client259,client260,client261,client262,client263,client264,client265,client266,client267,client268,client269,client270,client271,client272,client273,client274,client275,client276,client277,client278,client279,client280,client281,client282,client283,client284,client285,client286,client287,client288,client289,client290,client291,client292,client293,client294,client295,client296,client297,client298,client299,client300,client301,client302,client303,client304,client305,client306,client307",
client1,pass1000,client,,
client2,pass1001,client,,
client3,pass1002,client,,
client4,pass1003,client,,
client5,pass1004,client,,
client6,pass1005,client,,
client7,pass1006,client,,
client8,pass1007,client,,
client9,pass1008,client,,
client10,pass1009,client,,
client11,pass1010,client,,
client12,pass1011,client,,
client13,pass1012,client,,
client14,pass1013,client,,
client15,pass1014,client,,
client16,pass1015,client,,
client17,pass1016,client,,
client18,pass1017,client,,
client19,pass1018,client,,
client20,pass1019,client,,
client21,pass1020,client,,
client22,pass1021,client,,
client23,pass1022,client,,
client24,pass1023,client,,
client25,pass1024,client,,
client26,pass1025,client,,
client27,pass1026,client,,
client28,pass1027,client,,
client29,pass1028,client,,
client30,pass1029,client,,
client31,pass1030,client,,
client32,pass1031,client,,
client33,pass1032,client,,
client34,pass1033,client,,
client35,pass1034,client,,
client36,pass1035,client,,
client37,pass1036,client,,
client38,pass1037,client,,
client39,pass1038,client,,
client40,pass1039,client,,
client41,pass1040,client,,
client42,pass1041,client,,
client43,pass1042,client,,
client44,pass1043,client,,
client45,pass1044,client,,
client46,pass1045,client,,
client47,pass1046,client,,
client48,pass1047,client,,
client49,pass1048,client,,
client50,pass1049,client,,
client51,pass1050,client,,
client52,pass1051,client,,
client53,pass1052,client,,
client54,pass1053,client,,
client55,pass1054,client,,
client56,pass1055,client,,
client57,pass1056,client,,
client58,pass1057,client,,
client59,pass1058,client,,
client60,pass1059,client,,
client61,pass1060,client,,
client62,pass1061,client,,
client63,pass1062,client,,
client64,pass1063,client,,
client65,pass1064,client,,
client66,pass1065,client,,
client67,pass1066,client,,
client68,pass1067,client,,
client69,pass1068,client,,
client70,pass1069,client,,
client71,pass1070,client,,
client72,pass1071,client,,
client73,pass1072,client,,
client74,pass1073,client,,
client75,pass1074,client,,
client76,pass1075,client,,
client77,pass1076,client,,
client78,pass1077,client,,
client79,pass1078,client,,
client80,pass1079,client,,
client81,pass1080,client,,
client82,pass1081,client,,
client83,pass1082,client,,
client84,pass1083,client,,
client85,pass1084,client,,
client86,pass1085,client,,
client87,pass1086,client,,
client88,pass1087,client,,
client89,pass1088,client,,
client90,pass1089,client,,
client91,pass1090,client,,
client92,pass1091,client,,
client93,pass1092,client,,
client94,pass1093,client,,
client95,pass1094,client,,
client96,pass1095,client,,
client97,pass1096,client,,
client98,pass1097,client,,
client99,pass1098,client,,
client100,pass1099,client,,
client101,pass1100,client,,
client102,pass1101,client,,
client103,pass1102,client,,
client104,pass1103,client,,
client105,pass1104,client,,
client106,pass1105,client,,
client107,pass1106,client,,
client108,pass1107,client,,
client109,pass1108,client,,
client110,pass1109,client,,
client111,pass1110,client,,
client112,pass1111,client,,
client113,pass1112,client,,
client114,pass1113,client,,
client115,pass1114,client,,
client116,pass1115,client,,
client117,pass1116,client,,
client118,pass1117,client,,
client119,pass1118,client,,
client120,pass1119,client,,
client121,pass1120,client,,
client122,pass1121,client,,
client123,pass1122,client,,
client124,pass1123,client,,
client125,pass1124,client,,
client126,pass1125,client,,
client127,pass1126,client,,
client128,pass1127,client,,
client129,pass1128,client,,
client130,pass1129,client,,
client131,pass1130,client,,
client132,pass1131,client,,
client133,pass1132,client,,
client134,pass1133,client,,
client135,pass1134,client,,
client136,pass1135,client,,
client137,pass1136,client,,
client138,pass1137,client,,
client139,pass1138,client,,
client140,pass1139,client,,
client141,pass1140,client,,
client142,pass1141,client,,
client143,pass1142,client,,
client144,pass1143,client,,
client145,pass1144,client,,
client146,pass1145,client,,
client147,pass1146,client,,
client148,pass1147,client,,
client149,pass1148,client,,
client150,pass1149,client,,
client151,pass1150,client,,
client152,pass1151,client,,
client153,pass1152,client,,
client154,pass1153,client,,
client155,pass1154,client,,
client156,pass1155,client,,
client157,pass1156,client,,
client158,pass1157,client,,
client159,pass1158,client,,
client160,pass1159,client,,
client161,pass1160,client,,
client162,pass1161,client,,
client163,pass1162,client,,
client164,pass1163,client,,
client165,pass1164,client,,
client166,pass1165,client,,
client167,pass1166,client,,
client168,pass1167,client,,
client169,pass1168,client,,
client170,pass1169,client,,
client171,pass1170,client,,
client172,pass1171,client,,
client173,pass1172,client,,
client174,pass1173,client,,
client175,pass1174,client,,
client176,pass1175,client,,
client177,pass1176,client,,
client178,pass1177,client,,
client179,pass1178,client,,
client180,pass1179,client,,
client181,pass1180,client,,
client182,pass1181,client,,
client183,pass1182,client,,
client184,pass1183,client,,
client185,pass1184,client,,
client186,pass1185,client,,
client187,pass1186,client,,
client188,pass1187,client,,
client189,pass1188,client,,
client190,pass1189,client,,
client191,pass1190,client,,
client192,pass1191,client,,
client193,pass1192,client,,
client194,pass1193,client,,
client195,pass1194,client,,
client196,pass1195,client,,
client197,pass1196,client,,
client198,pass1197,client,,
client199,pass1198,client,,
client200,pass1199,client,,
client201,pass1200,client,,
client202,pass1201,client,,
client203,pass1202,client,,
client204,pass1203,client,,
client205,pass1204,client,,
client206,pass1205,client,,
client207,pass1206,client,,
client208,pass1207,client,,
client209,pass1208,client,,
client210,pass1209,client,,
client211,pass1210,client,,
client212,pass1211,client,,
client213,pass1212,client,,
client214,pass1213,client,,
client215,pass1214,client,,
client216,pass1215,client,,
client217,pass1216,client,,
client218,pass1217,client,,
client219,pass1218,client,,
client220,pass1219,client,,
client221,pass1220,client,,
client222,pass1221,client,,
client223,pass1222,client,,
client224,pass1223,client,,
client225,pass1224,client,,
client226,pass1225,client,,
client227,pass1226,client,,
client228,pass1227,client,,
client229,pass1228,client,,
client230,pass1229,client,,
client231,pass1230,client,,
client232,pass1231,client,,
client233,pass1232,client,,
client234,pass1233,client,,
client235,pass1234,client,,
client236,pass1235,client,,
client237,pass1236,client,,
client238,pass1237,client,,
client239,pass1238,client,,
client240,pass1239,client,,
client241,pass1240,client,,
client242,pass1241,client,,
client243,pass1242,client,,
client244,pass1243,client,,
client245,pass1244,client,,
client246,pass1245,client,,
client247,pass1246,client,,
client248,pass1247,client,,
client249,pass1248,client,,
client250,pass1249,client,,
client251,pass1250,client,,
client252,pass1251,client,,
client253,pass1252,client,,
client254,pass1253,client,,
client255,pass1254,client,,
client256,pass1255,client,,
client257,pass1256,client,,
client258,pass1257,client,,
client259,pass1258,client,,
client260,pass1259,client,,
client261,pass1260,client,,
client262,pass1261,client,,
client263,pass1262,client,,
client264,pass1263,client,,
client265,pass1264,client,,
client266,pass1265,client,,
client267,pass1266,client,,
client268,pass1267,client,,
client269,pass1268,client,,
client270,pass1269,client,,
client271,pass1270,client,,
client272,pass1271,client,,
client273,pass1272,client,,
client274,pass1273,client,,
client275,pass1274,client,,
client276,pass1275,client,,
client277,pass1276,client,,
client278,pass1277,client,,
client279,pass1278,client,,
client280,pass1279,client,,
client281,pass1280,client,,
client282,pass1281,client,,
client283,pass1282,client,,
client284,pass1283,client,,
client285,pass1284,client,,
client286,pass1285,client,,
client287,pass1286,client,,
client288,pass1287,client,,
client289,pass1288,client,,
client290,pass1289,client,,
client291,pass1290,client,,
client292,pass1291,client,,
client293,pass1292,client,,
client294,pass1293,client,,
client295,pass1294,client,,
client296,pass1295,client,,
client297,pass1296,client,,
client298,pass1297,client,,
client299,pass1298,client,,
client300,pass1299,client,,
client301,pass1300,client,,
client302,pass1301,client,,
client303,pass1302,client,,
client304,pass1303,client,,
client305,pass1304,client,,
client306,pass1305,client,,
client307,pass1306,client,,